keys,fr,en,it
COMMON_BACK,"❮  RETOUR","❮  BACK","❮  INDIETRO"
COMMON_OPERATOR,"OPÉRATEUR","OPERATOR","OPERATORE"
COMMON_LEVEL,"NIVEAU","LEVEL","LIVELLO"
COMMON_WINS,"VICTOIRES","WINS","VITTORIE"
COMMON_PLAYER,"Joueur","Player","Giocatore"
BOOT_LOADING,"Chargement...","Loading...","Caricamento..."
AUTH_TITLE,"ACCÈS TACTIQUE","TACTICAL ACCESS","ACCESSO TATTICO"
AUTH_ID_PLACEHOLDER,"ID","ID","ID"
AUTH_PASSWORD_PLACEHOLDER,"Mot de passe","Password","Password"
AUTH_LOGIN,"SE CONNECTER","LOG IN","ACCEDI"
AUTH_USERNAME_PLACEHOLDER,"Nom d'utilisateur","Username","Nome utente"
AUTH_EMAIL_PLACEHOLDER,"Email","Email","Email"
AUTH_REGISTER,"S'INSCRIRE","SIGN UP","REGISTRATI"
AUTH_QUIT,"QUITTER LE JEU","QUIT GAME","ESCI DAL GIOCO"
AUTH_FILL_FIELDS,"Veuillez remplir tous les champs.","Please fill in all fields.","Compila tutti i campi."
AUTH_LOGGING_IN,"Connexion en cours...","Logging in...","Accesso in corso..."
AUTH_REGISTERING,"Inscription en cours...","Signing up...","Registrazione in corso..."
AUTH_ERROR_PREFIX,"Erreur : %s","Error: %s","Errore: %s"
MENU_PLAY,"❯  RECHERCHER UNE PARTIE","❯  FIND A MATCH","❯  CERCA UNA PARTITA"
MENU_SHOP,"❯  BOUTIQUE & INVENTAIRE","❯  STORE & INVENTORY","❯  NEGOZIO & INVENTARIO"
MENU_PROFILE,"❯  MON PROFIL","❯  MY PROFILE","❯  IL MIO PROFILO"
MENU_PROFILE_VIEW_FULL,"❯  VOIR LE PROFIL COMPLET","❯  VIEW FULL PROFILE","❯  VEDI PROFILO COMPLETO"
MENU_LEADERBOARD,"❯  CLASSEMENT MONDIAL","❯  GLOBAL RANKING","❯  CLASSIFICA MONDIALE"
MENU_QUIT,"❯  QUITTER LE JEU","❯  QUIT GAME","❯  ESCI DAL GIOCO"
MENU_STATUS_LOADING,"// CHARGEMENT DES DONNÉES…","// LOADING DATA…","// CARICAMENTO DATI…"
MENU_STATUS_CONNECTED,"// CONNECTÉ AU SERVEUR","// CONNECTED TO SERVER","// CONNESSO AL SERVER"
MENU_STATUS_ERROR,"// ERREUR : %s","// ERROR: %s","// ERRORE: %s"
LOBBY_COMMAND_CENTER,"CENTRE DE COMMANDEMENT","COMMAND CENTER","CENTRO DI COMANDO"
LOBBY_HEADCOUNT,"EFFECTIF","SQUAD SIZE","EFFETTIVO"
LOBBY_CREATE,"❯  CRÉER UNE OPÉRATION","❯  CREATE OPERATION","❯  CREA OPERAZIONE"
LOBBY_CREATE_PRIVATE,"❯  OPÉRATION PRIVÉE (CODE)","❯  PRIVATE OPERATION (CODE)","❯  OPERAZIONE PRIVATA (CODICE)"
LOBBY_JOIN_ID_PLACEHOLDER,"ID d'opération","Operation ID","ID operazione"
LOBBY_INFILTRATE,"❯  INFILTRER","❯  INFILTRATE","❯  INFILTRA"
LOBBY_REFRESH,"❯  ACTUALISER LE RADAR","❯  REFRESH RADAR","❯  AGGIORNA IL RADAR"
LOBBY_RADAR,"RADAR DES OPÉRATIONS","OPERATIONS RADAR","RADAR DELLE OPERAZIONI"
LOBBY_SEARCHING,"Recherche des salles en cours...","Searching for rooms...","Ricerca delle stanze in corso..."
LOBBY_JOIN_TRYING,"Tentative de connexion à la salle %s...","Trying to connect to room %s...","Tentativo di connessione alla stanza %s..."
LOBBY_INVALID_ID,"Veuillez entrer un ID de salle valide (chiffres).","Please enter a valid room ID (digits).","Inserisci un ID stanza valido (cifre)."
LOBBY_CREATING_PUBLIC,"Création de la salle publique (%d joueurs)...","Creating public room (%d players)...","Creazione della stanza pubblica (%d giocatori)..."
LOBBY_CREATING_PRIVATE,"Création de la salle privée (%d joueurs)...","Creating private room (%d players)...","Creazione della stanza privata (%d giocatori)..."
LOBBY_NO_ROOMS,"Aucune opération en attente. Lancez la vôtre.","No operations waiting. Launch your own.","Nessuna operazione in attesa. Avvia la tua."
LOBBY_ROOMS_FOUND,"%d opération(s) détectée(s) sur le radar.","%d operation(s) detected on the radar.","%d operazione/i rilevata/e sul radar."
LOBBY_ROOM_NAME,"OPÉRATION #%s","OPERATION #%s","OPERAZIONE #%s"
LOBBY_JOIN,"❯  REJOINDRE","❯  JOIN","❯  ENTRA"
LOBBY_ROOM_CREATED,"Salle créée ! Connexion à la salle d'attente...","Room created! Connecting to the waiting room...","Stanza creata! Connessione alla sala d'attesa..."
LOBBY_ACCESS_GRANTED,"Accès autorisé ! Connexion à la salle d'attente...","Access granted! Connecting to the waiting room...","Accesso autorizzato! Connessione alla sala d'attesa..."
LOBBY_ROOM_NOT_FOUND,"Erreur : identifiant de salle introuvable.","Error: room ID not found.","Errore: ID stanza non trovato."
LOBBY_PREPARING,"Préparation de la connexion...","Preparing connection...","Preparazione della connessione..."
LOBBY_NO_IDENTITY,"Erreur : identité joueur indisponible. Reconnectez-vous.","Error: player identity unavailable. Please log in again.","Errore: identità giocatore non disponibile. Effettua di nuovo l'accesso."
LOBBY_ERROR_PREFIX,"Erreur: %s","Error: %s","Errore: %s"
WR_TITLE,"SALLE DE DÉPLOIEMENT","DEPLOYMENT ROOM","SALA DI SCHIERAMENTO"
WR_SUBTITLE,"En attente des autres soldats...","Waiting for other soldiers...","In attesa degli altri soldati..."
WR_DESERT,"❯  DÉSERTER","❯  DESERT","❯  DISERTA"
WR_READY,"❯  JE SUIS PRÊT","❯  I'M READY","❯  SONO PRONTO"
WR_WS_CONNECTING,"Connexion WebSocket en cours...","WebSocket connection in progress...","Connessione WebSocket in corso..."
WR_TITLE_ROOM,"Salle #%s","Room #%s","Stanza #%s"
WR_WS_REALTIME,"🟡 Connexion au serveur temps réel...","🟡 Connecting to the real-time server...","🟡 Connessione al server in tempo reale..."
WR_CONNECTED_WAIT,"🟢 Connecté. En attente des joueurs (3 requis)...","🟢 Connected. Waiting for players (3 required)...","🟢 Connesso. In attesa di giocatori (3 richiesti)..."
WR_READY_CANCEL,"❯  EN ATTENTE… (ANNULER)","❯  WAITING… (CANCEL)","❯  IN ATTESA… (ANNULLA)"
WR_BRIEFING,"🚀 Briefing : choix des factions !","🚀 Briefing: faction selection!","🚀 Briefing: scelta delle fazioni!"
WR_LOBBY_STATE,"🟢 %d joueur(s) connecté(s), %d prêt(s). (3 requis pour lancer)","🟢 %d player(s) connected, %d ready. (3 required to start)","🟢 %d giocatore/i connesso/i, %d pronto/i. (3 richiesti per iniziare)"
WR_PLAYER_FALLBACK,"Joueur %d","Player %d","Giocatore %d"
WR_ME_SUFFIX," (moi)"," (me)"," (io)"
WR_STATUS_READY,"✅ PRÊT","✅ READY","✅ PRONTO"
WR_STATUS_WAITING,"⏳ en attente","⏳ waiting","⏳ in attesa"
WR_ERROR_PREFIX,"⚠️ %s","⚠️ %s","⚠️ %s"
FS_TITLE,"CHOISISSEZ VOTRE FACTION","CHOOSE YOUR FACTION","SCEGLI LA TUA FAZIONE"
FS_EYEBROW,"PROTOCOLE DE DÉPLOIEMENT","DEPLOYMENT PROTOCOL","PROTOCOLLO DI SCHIERAMENTO"
FS_SELECTION,"SÉLECTION","SELECTION","SELEZIONE"
FS_DOSSIER,"DOSSIER DE FACTION","FACTION DOSSIER","DOSSIER DI FAZIONE"
FS_INTEL,"RENSEIGNEMENTS","INTEL","INFORMAZIONI"
FS_NAV_HINT,"❮  PARCOURIR  ❯","❮  BROWSE  ❯","❮  SFOGLIA  ❯"
FS_CONFIRM,"❯  CONFIRMER LA FACTION","❯  CONFIRM FACTION","❯  CONFERMA FAZIONE"
FS_STATUS_DEFAULT,"Sélectionnez votre faction de combat.","Select your combat faction.","Seleziona la tua fazione di combattimento."
FS_FACTION_DEFAULT,"FACTION","FACTION","FAZIONE"
FS_DESC_DEFAULT,"Description de la faction.","Faction description.","Descrizione della fazione."
FS_NO_FACTIONS,"⚠️ Aucune faction disponible dans %s","⚠️ No faction available in %s","⚠️ Nessuna fazione disponibile in %s"
FS_ALL_READY,"🚀 Tous les commandants sont prêts ! Déploiement...","🚀 All commanders are ready! Deploying...","🚀 Tutti i comandanti sono pronti! Schieramento..."
FS_LOCKED,"FACTION VERROUILLÉE ✓","FACTION LOCKED ✓","FAZIONE BLOCCATA ✓"
FS_STATUS,"Faction %d/%d   —   %s commandant(s) prêt(s)","Faction %d/%d   —   %s commander(s) ready","Fazione %d/%d   —   %s comandante/i pronto/i"
FS_MODIFIERS_HEADER,"Modificateurs :","Modifiers:","Modificatori:"
SHOP_EYEBROW,"DÉPÔT TACTIQUE","TACTICAL DEPOT","DEPOSITO TATTICO"
SHOP_TITLE,"BOUTIQUE & INVENTAIRE","STORE & INVENTORY","NEGOZIO & INVENTARIO"
SHOP_CREDITS,"CRÉDITS","CREDITS","CREDITI"
SHOP_TAB_SHOP,"❯  BOUTIQUE","❯  STORE","❯  NEGOZIO"
SHOP_TAB_INVENTORY,"❯  INVENTAIRE","❯  INVENTORY","❯  INVENTARIO"
SHOP_STATUS_PREVIEW,"// DÉPÔT TACTIQUE EN LIGNE — SÉLECTIONNEZ UN ARTICLE","// TACTICAL DEPOT ONLINE — SELECT AN ITEM","// DEPOSITO TATTICO ONLINE — SELEZIONA UN ARTICOLO"
SHOP_BUY,"❯  ACQUÉRIR","❯  ACQUIRE","❯  ACQUISTA"
SHOP_IN_DEPOT,"EN DÉPÔT","IN DEPOT","IN DEPOSITO"
SHOP_EMPTY,"// AUCUN ÉQUIPEMENT EN DÉPÔT","// NO EQUIPMENT IN DEPOT","// NESSUN EQUIPAGGIAMENTO IN DEPOSITO"
SHOP_INSUFFICIENT,"// CRÉDITS INSUFFISANTS POUR %s","// INSUFFICIENT CREDITS FOR %s","// CREDITI INSUFFICIENTI PER %s"
SHOP_ACQUIRED,"// ACQUIS : %s","// ACQUIRED: %s","// ACQUISITO: %s"
SHOP_GET,"❯  ACHETER","❯  BUY","❯  COMPRA"
SHOP_PACK_GRANT,"+%s COINS","+%s COINS","+%s COINS"
SHOP_PASS_ACTIVE,"PASS ACTIF","PASS ACTIVE","PASS ATTIVO"
SHOP_PASS_ACTIVE_DAYS,"PASS ACTIF · %d J","ACTIVE PASS · %d D","PASS ATTIVO · %d G"
SHOP_SKIN_HERO,"HÉROS : %s","HERO: %s","EROE: %s"
SHOP_CAT_FACTION,"FACTION","FACTION","FAZIONE"
SHOP_CAT_SKIN,"SKIN","SKIN","SKIN"
SHOP_CAT_PASS,"PASS SPÉCIAL","SPECIAL PASS","PASS SPECIALE"
SHOP_CAT_CURRENCY,"PACK DE COINS","COINS PACK","PACCHETTO COINS"
SHOP_ITEM_AEGIS_NAME,"Corporation Aegis","Aegis Corporation","Corporazione Aegis"
SHOP_ITEM_AEGIS_DESC,"Débloque définitivement la faction Corporation Aegis : un double aux dés de défense élimine d'office une unité attaquante.","Permanently unlocks the Aegis Corporation faction: a double on defense dice destroys one attacking unit outright.","Sblocca definitivamente la fazione Corporazione Aegis: un doppio ai dadi di difesa elimina d'ufficio un'unità attaccante."
SHOP_ITEM_ISOTOPE_NAME,"Culte de l'Isotope","Cult of the Isotope","Culto dell'Isotopo"
SHOP_ITEM_ISOTOPE_DESC,"Débloque définitivement la faction Culte de l'Isotope : immunise tous ses territoires dans la zone radioactive.","Permanently unlocks the Cult of the Isotope faction: all its territories in the radioactive zone are immune.","Sblocca definitivamente la fazione Culto dell'Isotopo: immunizza tutti i suoi territori nella zona radioattiva."
SHOP_ITEM_CHASSEURS_NAME,"Chasseurs d'Ombres","Shadow Hunters","Cacciatori d'Ombre"
SHOP_ITEM_CHASSEURS_DESC,"Débloque définitivement la faction Chasseurs d'Ombres : observent en secret l'objectif d'un joueur ciblé en début de partie.","Permanently unlocks the Shadow Hunters faction: secretly peek at a targeted player's objective at the start.","Sblocca definitivamente la fazione Cacciatori d'Ombre: spiano in segreto l'obiettivo di un giocatore a inizio partita."
SHOP_ITEM_ECLIPSE_NAME,"Ordre de l'Éclipse","Order of the Eclipse","Ordine dell'Eclissi"
SHOP_ITEM_ECLIPSE_DESC,"Débloque définitivement la faction Ordre de l'Éclipse : pioche 2 cartes Événement, en garde 1 et remet l'autre sous le deck.","Permanently unlocks the Order of the Eclipse faction: draw 2 Event cards, keep 1 and put the other under the deck.","Sblocca definitivamente la fazione Ordine dell'Eclissi: pesca 2 carte Evento, ne tiene 1 e rimette l'altra sotto il mazzo."
SHOP_ITEM_SKIN_AEGIS_NAME,"Aegis — Obsidienne","Aegis — Obsidian","Aegis — Ossidiana"
SHOP_ITEM_SKIN_AEGIS_DESC,"Habillage obsidienne pour la Corporation Aegis (cosmétique).","Obsidian skin for the Aegis Corporation (cosmetic).","Aspetto ossidiana per la Corporazione Aegis (cosmetico)."
SHOP_ITEM_SKIN_ISOTOPE_NAME,"Isotope — Radioactif","Isotope — Radioactive","Isotopo — Radioattivo"
SHOP_ITEM_SKIN_ISOTOPE_DESC,"Habillage radioactif luminescent pour le Culte de l'Isotope (cosmétique).","Glowing radioactive skin for the Cult of the Isotope (cosmetic).","Aspetto radioattivo luminescente per il Culto dell'Isotopo (cosmetico)."
SHOP_ITEM_SKIN_PHALANGES_NAME,"Phalanges — Chrome","Phalanxes — Chrome","Falangi — Cromo"
SHOP_ITEM_SKIN_PHALANGES_DESC,"Habillage chromé pour les Phalanges d'Acier (cosmétique).","Chrome skin for the Steel Phalanxes (cosmetic).","Aspetto cromato per le Falangi d'Acciaio (cosmetico)."
SHOP_ITEM_SKIN_BARONS_NAME,"Barons — Rouille","Barons — Rust","Baroni — Ruggine"
SHOP_ITEM_SKIN_BARONS_DESC,"Habillage rouille et tôle pour les Barons de la Ferraille (cosmétique).","Rust-and-scrap skin for the Scrap Barons (cosmetic).","Aspetto ruggine e lamiera per i Baroni della Ferraglia (cosmetico)."
SHOP_ITEM_PASS_NAME,"Pass Spécial","Special Pass","Pass Speciale"
SHOP_ITEM_PASS_DESC,"Pass SAISONNIER : valable jusqu à la fin de la saison EN COURS (un achat tardif expire à la même date — assumé).","SEASONAL Pass: valid until the end of the CURRENT season (a late purchase expires on the same date — by design).","Pass STAGIONALE: valido fino alla fine della stagione IN CORSO (un acquisto tardivo scade alla stessa data — voluto)."
SHOP_ITEM_PACK_SMALL_NAME,"Pack Éclaireur","Scout Pack","Pacchetto Esploratore"
SHOP_ITEM_PACK_SMALL_DESC,"1 000 Coins crédités sur votre compte.","1,000 Coins credited to your account.","1.000 Coins accreditati sul tuo conto."
SHOP_ITEM_PACK_MEDIUM_NAME,"Pack Vétéran","Veteran Pack","Pacchetto Veterano"
SHOP_ITEM_PACK_MEDIUM_DESC,"2 500 Coins crédités sur votre compte.","2,500 Coins credited to your account.","2.500 Coins accreditati sul tuo conto."
SHOP_ITEM_PACK_LARGE_NAME,"Pack Seigneur de Guerre","Warlord Pack","Pacchetto Signore della Guerra"
SHOP_ITEM_PACK_LARGE_DESC,"6 000 Coins crédités sur votre compte.","6,000 Coins credited to your account.","6.000 Coins accreditati sul tuo conto."
SHOP_ITEM_PACK_MEGA_NAME,"Pack Suprématie","Supremacy Pack","Pacchetto Supremazia"
SHOP_ITEM_PACK_MEGA_DESC,"17 000 Coins crédités sur votre compte — meilleure valeur.","17,000 Coins credited to your account — best value.","17.000 Coins accreditati sul tuo conto — miglior valore."
PROFILE_EYEBROW,"DOSSIER OPÉRATEUR","OPERATOR FILE","DOSSIER OPERATORE"
PROFILE_TITLE,"MON PROFIL","MY PROFILE","IL MIO PROFILO"
PROFILE_FAVORITE_FACTION,"FACTION DE PRÉDILECTION","PREFERRED FACTION","FAZIONE PREFERITA"
PROFILE_STATS_HEADER,"STATISTIQUES DE CAMPAGNE","CAMPAIGN STATISTICS","STATISTICHE DI CAMPAGNA"
PROFILE_HISTORY_HEADER,"DERNIERS ENGAGEMENTS","RECENT ENGAGEMENTS","ULTIMI INGAGGI"
PROFILE_STATUS_PREVIEW,"// PRÉVISUALISATION — STATISTIQUES SERVEUR À DÉFINIR (CONTRAT_RESEAU)","// PREVIEW — SERVER STATISTICS TBD (CONTRAT_RESEAU)","// ANTEPRIMA — STATISTICHE SERVER DA DEFINIRE (CONTRAT_RESEAU)"
PROFILE_STATUS_LOADED,"// DOSSIER OPÉRATEUR CHARGÉ","// OPERATOR FILE LOADED","// DOSSIER OPERATORE CARICATO"
PROFILE_STAT_GAMES,"PARTIES JOUÉES","GAMES PLAYED","PARTITE GIOCATE"
PROFILE_STAT_LOSSES,"DÉFAITES","LOSSES","SCONFITTE"
PROFILE_STAT_RATIO,"RATIO V/D","W/L RATIO","RAPPORTO V/S"
PROFILE_STAT_TOLL,"PLUS LOURD TRIBUT","HEAVIEST TOLL","TRIBUTO PIÙ PESANTE"
PROFILE_XP_FORMAT,"%d / %d XP","%d / %d XP","%d / %d XP"
PROFILE_HISTORY_EMPTY,"// AUCUN ENGAGEMENT ENREGISTRÉ","// NO ENGAGEMENT RECORDED","// NESSUN INGAGGIO REGISTRATO"
PROFILE_RESULT_VICTORY,"VICTOIRE","VICTORY","VITTORIA"
PROFILE_RESULT_DEFEAT,"DÉFAITE","DEFEAT","SCONFITTA"
LEADERBOARD_EYEBROW,"RÉSEAU MONDIAL","GLOBAL NETWORK","RETE MONDIALE"
LEADERBOARD_TITLE,"CLASSEMENT MONDIAL","GLOBAL RANKING","CLASSIFICA MONDIALE"
LEADERBOARD_PODIUM,"PODIUM — ÉLITE MONDIALE","PODIUM — GLOBAL ELITE","PODIO — ELITE MONDIALE"
LEADERBOARD_GENERAL,"CLASSEMENT GÉNÉRAL","OVERALL RANKING","CLASSIFICA GENERALE"
LEADERBOARD_STATUS_PREVIEW,"// PRÉVISUALISATION — CLASSEMENT SERVEUR À DÉFINIR (CONTRAT_RESEAU)","// PREVIEW — SERVER RANKING TBD (CONTRAT_RESEAU)","// ANTEPRIMA — CLASSIFICA SERVER DA DEFINIRE (CONTRAT_RESEAU)"
LEADERBOARD_STATUS_LOCATED,"// OPÉRATEUR LOCALISÉ DANS LE CLASSEMENT","// OPERATOR LOCATED IN THE RANKING","// OPERATORE INDIVIDUATO NELLA CLASSIFICA"
LEADERBOARD_COL_RANK,"RANG","RANK","RANGO"
LEADERBOARD_EMPTY,"// AUCUN OPÉRATEUR CLASSÉ","// NO RANKED OPERATOR","// NESSUN OPERATORE CLASSIFICATO"
LEADERBOARD_YOU,"  (VOUS)","  (YOU)","  (TU)"
MENU_SETTINGS,"❯  PARAMÈTRES","❯  SETTINGS","❯  IMPOSTAZIONI"
SETTINGS_EYEBROW,"CONFIGURATION TACTIQUE","TACTICAL CONFIGURATION","CONFIGURAZIONE TATTICA"
SETTINGS_TITLE,"PARAMÈTRES","SETTINGS","IMPOSTAZIONI"
SETTINGS_AUDIO,"AUDIO","AUDIO","AUDIO"
SETTINGS_VOL_MASTER,"VOLUME GÉNÉRAL","MASTER VOLUME","VOLUME GENERALE"
SETTINGS_VOL_MUSIC,"MUSIQUE","MUSIC","MUSICA"
SETTINGS_VOL_SFX,"EFFETS (SFX)","EFFECTS (SFX)","EFFETTI (SFX)"
SETTINGS_DISPLAY,"AFFICHAGE","DISPLAY","SCHERMO"
SETTINGS_WINDOW_MODE,"MODE D'AFFICHAGE","DISPLAY MODE","MODALITÀ SCHERMO"
SETTINGS_FULLSCREEN,"PLEIN ÉCRAN","FULLSCREEN","SCHERMO INTERO"
SETTINGS_WINDOWED,"FENÊTRÉ","WINDOWED","FINESTRA"
SETTINGS_RESOLUTION,"RÉSOLUTION","RESOLUTION","RISOLUZIONE"
SETTINGS_LANGUAGE,"LANGUE","LANGUAGE","LINGUA"
SETTINGS_STATUS,"// RÉGLAGES APPLIQUÉS ET ENREGISTRÉS LOCALEMENT","// SETTINGS APPLIED AND SAVED LOCALLY","// IMPOSTAZIONI APPLICATE E SALVATE LOCALMENTE"
SETTINGS_LOGOUT,"❯  DÉCONNEXION","❯  LOG OUT","❯  DISCONNETTI"
SPLASH_STATUS,"// RÉSEAU TACTIQUE — EN LIGNE","// TACTICAL NETWORK — ONLINE","// RETE TATTICA — ONLINE"
SPLASH_PRESS_KEY,"❯  APPUYEZ SUR UNE TOUCHE","❯  PRESS ANY KEY","❯  PREMI UN TASTO QUALSIASI"
MENU_TAB_LOBBY,"QG","HQ","QG"
MENU_TAB_SHOP,"BOUTIQUE","STORE","NEGOZIO"
MENU_TAB_PROFILE,"OPÉRATEUR","OPERATOR","OPERATORE"
MENU_TAB_LEADERBOARD,"CLASSEMENT","RANKING","CLASSIFICA"
MENU_TAB_CHARACTERS,"PERSONNAGES","CHARACTERS","PERSONAGGI"
MENU_SELECT_MODE,"SÉLECTION DU MODE","SELECT MODE","SELEZIONE MODALITÀ"
MENU_MODE_TRIO,"TRIO","TRIO","TRIO"
MENU_MODE_QUAD,"QUAD","QUAD","QUAD"
MENU_MODE_FIVE,"FIVE","FIVE","FIVE"
MENU_MODE_EXA,"EXA","EXA","EXA"
MENU_MODE_RANKED,"CLASSÉE","RANKED","CLASSIFICATA"
MENU_MODE_PLAYERS,"%d JOUEURS","%d PLAYERS","%d GIOCATORI"
MENU_MODE_RANKED_SUB,"5 JOUEURS · CLASSÉ","5 PLAYERS · RANKED","5 GIOCATORI · CLASSIFICATA"
MENU_CHALLENGES_TITLE,"DÉFIS","CHALLENGES","SFIDE"
MENU_CHALLENGES_SUB,"Gagnez de l'XP et montez en niveau.","Earn XP and level up.","Guadagna XP e sali di livello."
MENU_CHALLENGES_SOON,"BIENTÔT DISPONIBLE","COMING SOON","PROSSIMAMENTE"
MENU_TOP_OPERATORS,"TOP OPÉRATEURS","TOP OPERATORS","TOP OPERATORI"
MENU_VIEW_ALL,"❯  VOIR TOUT","❯  VIEW ALL","❯  VEDI TUTTO"
MENU_WIDGET_LOADING,"// SYNCHRONISATION…","// SYNCING…","// SINCRONIZZAZIONE…"
MENU_WIDGET_EMPTY,"// CLASSEMENT INDISPONIBLE","// RANKING UNAVAILABLE","// CLASSIFICA NON DISPONIBILE"
MENU_WINS_ABBR,"%d V","%d W","%d V"
MENU_QUIT_TITLE,"QUITTER L'OPÉRATION ?","QUIT THE OPERATION?","USCIRE DALL'OPERAZIONE?"
MENU_QUIT_BODY,"Vous quitterez le réseau tactique.","You will leave the tactical network.","Lascerai la rete tattica."
MENU_QUIT_OK,"❯  QUITTER","❯  QUIT","❯  ESCI"
MENU_QUIT_CANCEL,"ANNULER","CANCEL","ANNULLA"
CHAR_EYEBROW,"DOSSIER DE COMBAT","COMBAT FILE","DOSSIER DI COMBATTIMENTO"
CHAR_TITLE,"PERSONNAGES","CHARACTERS","PERSONAGGI"
CHAR_ROSTER_HEADER,"VOS HÉROS","YOUR HEROES","I TUOI EROI"
CHAR_STATUS_LOADING,"// SYNCHRONISATION DU ROSTER…","// SYNCING ROSTER…","// SINCRONIZZAZIONE ROSTER…"
CHAR_STATUS_LOADED,"// ROSTER SYNCHRONISÉ","// ROSTER SYNCED","// ROSTER SINCRONIZZATO"
CHAR_STATUS_EMPTY,"// AUCUN HÉROS DISPONIBLE","// NO HERO AVAILABLE","// NESSUN EROE DISPONIBILE"
CHAR_SELECT_HINT,"// SÉLECTIONNEZ UN HÉROS DANS LE ROSTER","// SELECT A HERO FROM THE ROSTER","// SELEZIONA UN EROE DAL ROSTER"
CHAR_LOCKED,"VERROUILLÉ","LOCKED","BLOCCATO"
CHAR_LEVEL_MAX,"NIVEAU MAX","MAX LEVEL","LIVELLO MAX"
CHAR_XP_TO_NEXT,"%s XP AVANT LE NIVEAU SUIVANT","%s XP TO NEXT LEVEL","%s XP AL PROSSIMO LIVELLO"
CHAR_STATS_HEADER,"STATISTIQUES DÉTAILLÉES","DETAILED STATISTICS","STATISTICHE DETTAGLIATE"
CHAR_COL_CURRENT,"ACTUEL","CURRENT","ATTUALE"
CHAR_COL_MAX,"NIV. 50","LV. 50","LIV. 50"
CHAR_POWER_HEADER,"POUVOIR DE HÉROS","HERO POWER","POTERE DELL'EROE"
CHAR_MILESTONES_HEADER,"PALIERS D'AMÉLIORATION","UPGRADE MILESTONES","TRAGUARDI DI POTENZIAMENTO"
CHAR_MILESTONE_LEVEL,"NIV %d","LV %d","LIV %d"
CHAR_MILESTONE_UPCOMING,"À VENIR","UPCOMING","IN ARRIVO"
CHAR_STAT_PV,"PV","HP","PV"
CHAR_STAT_PA,"PA","ATK","PA"
CHAR_STAT_PB,"PB","DEF","PB"
CHAR_STAT_PP,"PP","PWR","PP"
CHAR_STAT_REGEN,"RÉGÉN","REGEN","RIGEN"
HUD_HERO_EYEBROW,"❯ HÉROS — NIV %d","❯ HERO — LV %d","❯ EROE — LIV %d"
HUD_HERO_DEAD,"☠ MORT","☠ DEAD","☠ MORTO"
HUD_HERO_PV,"PV %d / %d","HP %d / %d","PV %d / %d"
HUD_HERO_ATK_DEF,"PA %d     PB %d%%","ATK %d     DEF %d%%","PA %d     PB %d%%"
HUD_HERO_PP,"PP %+d   (%d..%d)","PWR %+d   (%d..%d)","PP %+d   (%d..%d)"
HUD_HERO_XP,"XP %d / %d","XP %d / %d","XP %d / %d"
HUD_ENEMY_HERO_EYEBROW,"❯ INSPECTION HÉROS ADVERSE","❯ ENEMY HERO INTEL","❯ ISPEZIONE EROE NEMICO"
HUD_ENEMY_HERO_STATS,"NIV %d   •   PV %d/%d   •   PA %d   •   PB %d%%   •   PP %+d","LV %d   •   HP %d/%d   •   ATK %d   •   DEF %d%%   •   PWR %+d","LIV %d   •   PV %d/%d   •   PA %d   •   PB %d%%   •   PP %+d"
CHAR_XP_HEADER,"PROGRESSION","PROGRESSION","PROGRESSIONE"
CHAR_XP_IN_LEVEL,"%s / %s XP DANS LE NIVEAU","%s / %s XP IN LEVEL","%s / %s XP NEL LIVELLO"
CHAR_XP_TOTAL,"TOTAL : %s XP CUMULÉS","TOTAL: %s XP EARNED","TOTALE: %s XP ACCUMULATI"
CHAR_STAT_PV_NAME,"POINTS DE VIE","HIT POINTS","PUNTI VITA"
CHAR_STAT_PA_NAME,"POINTS D'ATTAQUE","ATTACK POINTS","PUNTI ATTACCO"
CHAR_STAT_PB_NAME,"POINTS DE BOUCLIER","SHIELD POINTS","PUNTI SCUDO"
CHAR_STAT_PP_NAME,"POINTS DE PERFORMANCE","PERFORMANCE POINTS","PUNTI PRESTAZIONE"
CHAR_STAT_REGEN_NAME,"RÉGÉNÉRATION","REGENERATION","RIGENERAZIONE"
CHAR_STAT_PV_DESC,"Santé du héros. Tombée à 0, le héros meurt et le joueur est définitivement éliminé.","Hero health. Once it hits 0 the hero dies and the player is permanently eliminated.","Salute dell'eroe. Arrivata a 0 l'eroe muore e il giocatore è eliminato definitivamente."
CHAR_STAT_PA_DESC,"Dégâts de base infligés au héros adverse à chaque attaque.","Base damage dealt to the enemy hero on each attack.","Danno base inflitto all'eroe nemico a ogni attacco."
CHAR_STAT_PB_DESC,"Réduction des dégâts subis (en pourcentage des dégâts reçus).","Incoming damage reduction (as a percentage of damage taken).","Riduzione dei danni subiti (in percentuale del danno ricevuto)."
CHAR_STAT_PP_DESC,"Momentum de combat : monte ou descend selon vos jets de dés et s'ajoute à l'attaque. Borné entre un minimum et un maximum.","Combat momentum: rises or falls with your dice rolls and adds to attack. Bounded between a minimum and a maximum.","Slancio in combattimento: sale o scende con i tiri di dado e si somma all'attacco. Limitato tra un minimo e un massimo."
CHAR_STAT_REGEN_DESC,"PV récupérés au début de chacun de vos tours (en pourcentage des PV max).","HP restored at the start of each of your turns (as a percentage of max HP).","PV recuperati all'inizio di ogni tuo turno (in percentuale dei PV max)."
MENU_TAB_MISSIONS,"OPÉRATIONS","OPERATIONS","OPERAZIONI"
MISSIONS_EYEBROW,"CENTRE DE COMMANDEMENT","COMMAND CENTER","CENTRO DI COMANDO"
MISSIONS_TITLE,"OPÉRATIONS","OPERATIONS","OPERAZIONI"
MISSIONS_DAILY,"❯ QUOTIDIENNES","❯ DAILY","❯ GIORNALIERE"
MISSIONS_WEEKLY,"❯ HEBDOMADAIRES","❯ WEEKLY","❯ SETTIMANALI"
MISSIONS_RESET_IN,"RESET DANS","RESET IN","RESET TRA"
MISSIONS_CLAIM,"RÉCLAMER","CLAIM","RISCUOTI"
MISSIONS_CLAIMED,"✔ RÉCLAMÉE","✔ CLAIMED","✔ RISCOSSA"
MISSIONS_IN_PROGRESS,"EN COURS","IN PROGRESS","IN CORSO"
MISSIONS_STATUS_LOADING,"Liaison satellite en cours…","Establishing uplink…","Collegamento satellitare…"
MISSIONS_STATUS_CLAIMABLE,"{n} récompense(s) à réclamer !","{n} reward(s) ready to claim!","{n} ricompensa/e da riscuotere!"
MISSIONS_STATUS_UP_TO_DATE,"Toutes les opérations sont à jour.","All operations are up to date.","Tutte le operazioni sono aggiornate."
MISSIONS_STATUS_CLAIMED,"+{n} Coins crédités !","+{n} Coins credited!","+{n} Coins accreditati!"
MISSIONS_STATUS_EMPTY,"— Aucune opération —","— No operations —","— Nessuna operazione —"
MISSIONS_PASS_BONUS,"(bonus Pass ×1.5 appliqué)","(Pass bonus ×1.5 applied)","(bonus Pass ×1.5 applicato)"
MISSIONS_REWARD_TOOLTIP,"Récompense en Coins (bonus Pass ×1.5 au moment de réclamer)","Coins reward (Pass bonus ×1.5 when claiming)","Ricompensa in Coins (bonus Pass ×1.5 alla riscossione)"
MISSION_FIRST_WIN_NAME,"Première victoire du jour","First win of the day","Prima vittoria del giorno"
MISSION_FIRST_WIN_DESC,"Remportez une partie aujourd'hui.","Win one match today.","Vinci una partita oggi."
MISSION_PLAY_2_NAME,"Sur le terrain","Boots on the ground","Sul campo"
MISSION_PLAY_2_DESC,"Jouez 2 parties.","Play 2 matches.","Gioca 2 partite."
MISSION_KILL_30_NAME,"Attrition","Attrition","Logoramento"
MISSION_KILL_30_DESC,"Détruisez 30 unités ennemies au combat.","Destroy 30 enemy units in combat.","Distruggi 30 unità nemiche in combattimento."
MISSION_CONQUER_5_NAME,"Expansion","Expansion","Espansione"
MISSION_CONQUER_5_DESC,"Conquérez 5 territoires.","Conquer 5 territories.","Conquista 5 territori."
MISSION_CARDS_3_NAME,"Main de fer","Iron hand","Mano di ferro"
MISSION_CARDS_3_DESC,"Jouez 3 cartes Évènement.","Play 3 Event cards.","Gioca 3 carte Evento."
MISSION_HERO_DMG_40_NAME,"Chasseur de héros","Hero hunter","Cacciatore di eroi"
MISSION_HERO_DMG_40_DESC,"Infligez 40 PV de dégâts aux héros adverses.","Deal 40 HP of damage to enemy heroes.","Infliggi 40 PV di danni agli eroi nemici."
MISSION_ELIMINATE_1_NAME,"Exécuteur","Executioner","Esecutore"
MISSION_ELIMINATE_1_DESC,"Éliminez 1 joueur.","Eliminate 1 player.","Elimina 1 giocatore."
MISSION_TOP2_1_NAME,"Sur le podium","On the podium","Sul podio"
MISSION_TOP2_1_DESC,"Terminez une partie dans le top 2.","Finish a match in the top 2.","Concludi una partita nella top 2."
MISSION_WIN_5_NAME,"Seigneur de guerre","Warlord","Signore della guerra"
MISSION_WIN_5_DESC,"Remportez 5 parties cette semaine.","Win 5 matches this week.","Vinci 5 partite questa settimana."
MISSION_PLAY_10_NAME,"Vétéran de la semaine","Weekly veteran","Veterano della settimana"
MISSION_PLAY_10_DESC,"Jouez 10 parties cette semaine.","Play 10 matches this week.","Gioca 10 partite questa settimana."
MISSION_KILL_200_NAME,"Machine de guerre","War machine","Macchina da guerra"
MISSION_KILL_200_DESC,"Détruisez 200 unités ennemies cette semaine.","Destroy 200 enemy units this week.","Distruggi 200 unità nemiche questa settimana."
MISSION_CONQUER_30_NAME,"Impérialiste","Imperialist","Imperialista"
MISSION_CONQUER_30_DESC,"Conquérez 30 territoires cette semaine.","Conquer 30 territories this week.","Conquista 30 territori questa settimana."
MISSION_ELIMINATE_5_NAME,"Faucheuse","Reaper","Mietitrice"
MISSION_ELIMINATE_5_DESC,"Éliminez 5 joueurs cette semaine.","Eliminate 5 players this week.","Elimina 5 giocatori questa settimana."
MISSION_TOP2_5_NAME,"Habitué du podium","Podium regular","Habitué del podio"
MISSION_TOP2_5_DESC,"Terminez 5 parties dans le top 2 cette semaine.","Finish 5 matches in the top 2 this week.","Concludi 5 partite nella top 2 questa settimana."
FS_ROTATION_FREE,"★ GRATUITE CETTE SEMAINE (rotation)","★ FREE THIS WEEK (rotation)","★ GRATUITA QUESTA SETTIMANA (rotazione)"
FS_LOCKED_PAID,"🔒 FACTION PREMIUM — {price} Coins en BOUTIQUE ou attendre sa rotation","🔒 PREMIUM FACTION — {price} Coins in the SHOP or wait for its rotation","🔒 FAZIONE PREMIUM — {price} Coins nel NEGOZIO o attendi la rotazione"
FS_LOCKED_BTN,"🔒 VERROUILLÉE — VOIR BOUTIQUE","🔒 LOCKED — SEE SHOP","🔒 BLOCCATA — VEDI NEGOZIO"
SHOP_ROTATION_BANNER,"★ ROTATION DE LA SEMAINE : {factions} — essayez-les gratuitement !","★ THIS WEEK'S ROTATION: {factions} — try them for free!","★ ROTAZIONE DELLA SETTIMANA: {factions} — provale gratis!"
SHOP_ROTATION_BADGE,"★ GRATUITE CETTE SEMAINE","★ FREE THIS WEEK","★ GRATUITA QUESTA SETTIMANA"
SHOP_PASS_PERK_1,"❯ Coins de niveau HÉROS ×4 (10-20 par niveau)","❯ HERO level Coins ×4 (10-20 per level)","❯ Coins di livello EROE ×4 (10-20 per livello)"
SHOP_PASS_PERK_2,"❯ +25 % d'XP de profil par match","❯ +25% profile XP per match","❯ +25% XP profilo per partita"
SHOP_PASS_PERK_3,"❯ +50 % de Coins sur les missions","❯ +50% Coins on missions","❯ +50% Coins sulle missioni"
SHOP_PASS_PERK_4,"❯ Skin EXCLUSIF de la saison (introuvable autrement)","❯ EXCLUSIVE season skin (unobtainable otherwise)","❯ Skin ESCLUSIVA della stagione (introvabile altrimenti)"
SHOP_PASS_SEASON_SKIN,"★ Inclut le skin exclusif de la saison {season}","★ Includes the exclusive {season} season skin","★ Include la skin esclusiva della stagione {season}"
SHOP_PASS_SEASON_END,"FIN DE SAISON {season} : J-{days}","{season} SEASON END: D-{days}","FINE STAGIONE {season}: G-{days}"
SHOP_ITEM_SKIN_PASS_S1_NAME,"Skin Pass S1 — Phalange Prime","S1 Pass Skin — Prime Phalanx","Skin Pass S1 — Falange Prime"
SHOP_ITEM_SKIN_PASS_S1_DESC,"Skin exclusif de la Saison 1 (héros des Phalanges d'Acier). Réservé aux détenteurs du Pass S1.","Season 1 exclusive skin (Steel Phalanx hero). Reserved for S1 Pass holders.","Skin esclusiva della Stagione 1 (eroe delle Falangi d'Acciaio). Riservata ai possessori del Pass S1."
SHOP_ITEM_SKIN_PASS_S2_NAME,"Skin Pass S2 — Nomade Doré","S2 Pass Skin — Gilded Nomad","Skin Pass S2 — Nomade Dorato"
SHOP_ITEM_SKIN_PASS_S2_DESC,"Skin exclusif de la Saison 2 (héros des Pillards de la Poussière). Réservé aux détenteurs du Pass S2.","Season 2 exclusive skin (Dust Raiders hero). Reserved for S2 Pass holders.","Skin esclusiva della Stagione 2 (eroe dei Predoni della Polvere). Riservata ai possessori del Pass S2."
LEADERBOARD_TAB_SEASON,"SAISON","SEASON","STAGIONE"
LEADERBOARD_TAB_LIFETIME,"GÉNÉRAL","ALL-TIME","GENERALE"
LEADERBOARD_COL_DIVISION,"DIVISION","DIVISION","DIVISIONE"
LEADERBOARD_MY_DIVISION,"VOTRE DIVISION : {division}","YOUR DIVISION: {division}","LA TUA DIVISIONE: {division}"
LEADERBOARD_SEASON_END,"FIN DE SAISON : J-{days}","SEASON END: D-{days}","FINE STAGIONE: G-{days}"
PROFILE_STAT_DIVISION,"DIVISION (SAISON)","DIVISION (SEASON)","DIVISIONE (STAGIONE)"
PROFILE_STAT_SEASON_POINTS,"POINTS DE SAISON","SEASON POINTS","PUNTI STAGIONE"
SHOP_EQUIP,"ÉQUIPER","EQUIP","EQUIPAGGIA"
SHOP_EQUIPPED,"ÉQUIPÉ ✓","EQUIPPED ✓","EQUIPAGGIATA ✓"
SHOP_EQUIP_OK,"Skin équipé ! Il sera visible au draft et dans le Split-Screen VS.","Skin equipped! Visible in the draft and the Split-Screen VS.","Skin equipaggiata! Visibile nel draft e nello Split-Screen VS."
SPECT_EYEBROW,"STATUT OPÉRATEUR","OPERATOR STATUS","STATO OPERATORE"
SPECT_TITLE,"★ K.I.A. — MODE OBSERVATEUR","★ K.I.A. — SPECTATOR MODE","★ K.I.A. — MODALITÀ OSSERVATORE"
SPECT_REQUEUE,"⟳ REJOUER","⟳ PLAY AGAIN","⟳ RIGIOCA"
SPECT_QUIT,"✕ QUITTER","✕ QUIT","✕ ESCI"
REPORT_REQUEUE,"⟳ REJOUER","⟳ PLAY AGAIN","⟳ RIGIOCA"
LOBBY_MAP_EYEBROW,"❯ CARTE","❯ MAP","❯ MAPPA"
LOBBY_MAP_CLASSIC,"GUERRE MONDIALE — 42 territoires","WORLD WAR — 42 territories","GUERRA MONDIALE — 42 territori"
LOBBY_MAP_ATLANTIC,"THÉÂTRE ATLANTIQUE — 20 territoires (rapide)","ATLANTIC THEATER — 20 territories (fast)","TEATRO ATLANTICO — 20 territori (rapida)"
WR_BOT_FILL_IN,"⏳ REMPLISSAGE IA DANS %d s…","⏳ AI FILL IN %d s…","⏳ RIEMPIMENTO IA TRA %d s…"
FS_AUTO_LOCK_IN,"⏳ VERROUILLAGE AUTO DANS %d s — confirmez votre faction !","⏳ AUTO-LOCK IN %d s — confirm your faction!","⏳ BLOCCO AUTOMATICO TRA %d s — conferma la tua fazione!"
